<?xml version="1.0" encoding="utf-8"?>
<!--/1511129/449689/2.49/2/4/Switch/-->
<quadcept_library>
  <setting unit="mil" />
  <textstyle name="Default" height="47.244094488189" strokewidth="7.8740157480315" charwidth="47.244094488189" />
  <textstyle name="Dimension" height="19.6850393700787" strokewidth="0" charwidth="19.6850393700787" />
  <textstyle name="H127W0635TH00762" height="50" strokewidth="3" charwidth="25" />
  <textstyle name="H15W15TH02" height="59.0551181102362" strokewidth="7.8740157480315" charwidth="59.0551181102362" />
  <padstyle name="r290_130" surface="True" plated="False" isvia="False" nopaste="False" nomask="True" complex="False" holesize="0">
    <padshape layer="TOP" shape="rectangle" width="51.181102362204" height="114.17322834646" />
    <padshape layer="TOP_SOLDER_MASK" shape="rectangle" width="59.055118110235" height="122.04724409449" />
    <padshape layer="TOP_SOLDER_PASTE" shape="rectangle" width="51.181102362204" height="114.17322834646" />
  </padstyle>
  <footprint name="MDSM10R1025" originx="0" originy="0" pickpointx="0" pickpointy="0">
    <pcbpin number="1" name="1" style="r290_130" originx="-277.55905511811" originy="0" rotation="90" />
    <pcbpin number="2" name="2" style="r290_130" originx="277.55905511811" originy="0" rotation="90" />
    <line layer="TOP_ASSEMBLY" originx="-200" originy="35.433070866141" endx="200" endy="35.433070866141" width="7.8740157480314" />
    <line layer="TOP_ASSEMBLY" originx="200" originy="35.433070866141" endx="200" endy="-35.433070866141" width="7.8740157480314" />
    <line layer="TOP_ASSEMBLY" originx="200" originy="-35.433070866141" endx="-200" endy="-35.433070866141" width="7.8740157480314" />
    <line layer="TOP_ASSEMBLY" originx="-200" originy="-35.433070866141" endx="-200" endy="35.433070866141" width="7.8740157480314" />
    <line layer="TOP_SILKSCREEN" originx="-200" originy="35.433070866141" endx="200" endy="35.433070866141" width="3.9370078740157" />
    <line layer="TOP_SILKSCREEN" originx="200" originy="35.433070866141" endx="200" endy="-35.433070866141" width="3.9370078740157" />
    <line layer="TOP_SILKSCREEN" originx="200" originy="-35.433070866141" endx="-200" endy="-35.433070866141" width="3.9370078740157" />
    <line layer="TOP_SILKSCREEN" originx="-200" originy="-35.433070866141" endx="-200" endy="35.433070866141" width="3.9370078740157" />
    <line layer="TOP_PLACE_BOUND" originx="-374.01574803149" originy="74.803149606298" endx="374.01574803149" endy="74.803149606298" width="3.9370078740157" />
    <line layer="TOP_PLACE_BOUND" originx="374.01574803149" originy="74.803149606298" endx="374.01574803149" endy="-74.803149606298" width="3.9370078740157" />
    <line layer="TOP_PLACE_BOUND" originx="374.01574803149" originy="-74.803149606298" endx="-374.01574803149" endy="-74.803149606298" width="3.9370078740157" />
    <line layer="TOP_PLACE_BOUND" originx="-374.01574803149" originy="-74.803149606298" endx="-374.01574803149" endy="74.803149606298" width="3.9370078740157" />
  </footprint>
  <symbol name="MDSM-10R-10-25" originx="0" originy="0">
    <line originx="200" originy="100" endx="600" endy="100" width="0" />
    <line originx="600" originy="-200" endx="600" endy="100" width="0" />
    <line originx="600" originy="-200" endx="200" endy="-200" width="0" />
    <line originx="200" originy="100" endx="200" endy="-200" width="0" />
    <sympin number="1" originx="200" originy="0" rotation="180" length="100" width="7.8740157480315" flipped="False">
      <text name="pinname" originx="230" originy="0" style="Default" rotation="0" justify="left" flipped="False" hidden="False" data="1" />
      <text name="pindes" originx="140" originy="20" style="Default" rotation="0" justify="lowerright" flipped="False" hidden="False" data="1" />
    </sympin>
    <sympin number="2" originx="200" originy="-100" rotation="180" length="100" width="7.8740157480315" flipped="False">
      <text name="pinname" originx="230" originy="-100" style="Default" rotation="0" justify="left" flipped="False" hidden="False" data="2" />
      <text name="pindes" originx="140" originy="-80" style="Default" rotation="0" justify="lowerright" flipped="False" hidden="False" data="2" />
    </sympin>
  </symbol>
  <component name="MDSM-10R-10-25" designatorprefix="S" height="78.740157480314" footprint="MDSM10R1025">
    <comppin designator="1" sympin="1" pinswap="0" gateswap="0" gate="1" group="1" side="" type="Any" name="1" />
    <comppin designator="2" sympin="2" pinswap="0" gateswap="0" gate="1" group="1" side="" type="Any" name="2" />
    <attached_symbol gate="1" name="MDSM-10R-10-25" />
    <pinmap designator="1" footprintpin="1" />
    <pinmap designator="2" footprintpin="2" />
    <text name="Datasheet" originx="0" originy="0" style="Default" rotation="0" justify="" flipped="False" hidden="True" data="https://www.littelfuse.com/~/media/electronics/datasheets/reed_switches/littelfuse_reed_switches_mdsm_10_datasheet.pdf.pdf" />
    <text name="Description" originx="0" originy="0" style="Default" rotation="0" justify="" flipped="False" hidden="True" data="Magnetic / Reed Switches SWITCH REED" />
    <text name="Manufacturer_Name" originx="0" originy="0" style="Default" rotation="0" justify="" flipped="False" hidden="True" data="LITTELFUSE" />
    <text name="Manufacturer_Part_Number" originx="650" originy="200" style="Default" rotation="0" justify="left" flipped="False" hidden="False" data="MDSM-10R-10-25" />
    <text name="Mouser Part Number" originx="0" originy="0" style="Default" rotation="0" justify="" flipped="False" hidden="True" data="934-MDSM-10R10-25" />
    <text name="Mouser Price/Stock" originx="0" originy="0" style="Default" rotation="0" justify="" flipped="False" hidden="True" data="https://www.mouser.co.uk/ProductDetail/Littelfuse/MDSM-10R-10-25?qs=nyo4TFax6Nce6Y4AmbWmcw%3D%3D" />
    <text name="Arrow Part Number" originx="0" originy="0" style="Default" rotation="0" justify="" flipped="False" hidden="True" data="MDSM-10R-10-25" />
    <text name="Arrow Price/Stock" originx="0" originy="0" style="Default" rotation="0" justify="" flipped="False" hidden="True" data="https://www.arrow.com/en/products/mdsm-10r-10-25/littelfuse" />
  </component>
</quadcept_library>
